Time,RAINRATE,T2D,Q2D,U2D,V2D,PSFC,SWDOWN,LWDOWN
2012-06-01 00:00:00,0.00000000,290.82,0.00943, 0.681,-3.783, 99472.1,  9.43,349.05
2012-06-01 01:00:00,0.00000000,289.42,0.00883, 0.708,-3.780, 99575.2,  0.00,348.57
2012-06-01 02:00:00,0.00000000,288.02,0.00824, 0.726,-3.784, 99679.9,  0.00,348.04
2012-06-01 03:00:00,0.00000000,286.63,0.00765, 0.753,-3.786, 99778.5,  0.00,288.50
2012-06-01 04:00:00,0.00000000,285.41,0.00725, 0.695,-3.639, 99798.3,  0.00,287.96
2012-06-01 05:00:00,0.00000000,284.19,0.00686, 0.627,-3.503, 99815.4,  0.00,287.37
2012-06-01 06:00:00,0.00000000,282.97,0.00647, 0.558,-3.366, 99834.8,  0.00,276.47
2012-06-01 07:00:00,0.00000000,282.12,0.00615, 0.786,-3.239, 99868.4,  0.00,275.88
2012-06-01 08:00:00,0.00000000,281.27,0.00584, 1.012,-3.122, 99899.8,  0.00,275.32
2012-06-01 09:00:00,0.00000000,280.43,0.00554, 1.235,-3.000, 99931.1,  0.00,271.13
2012-06-01 10:00:00,0.00000000,282.55,0.00619, 0.533,-3.385,100016.4,126.43,273.17
2012-06-01 11:00:00,0.00000000,284.66,0.00688,-0.164,-3.769,100103.7,264.76,275.21
2012-06-01 12:00:00,0.00000000,286.78,0.00761,-0.865,-4.158,100187.0,415.81,283.86
2012-06-01 13:00:00,0.00000000,287.87,0.00766,-1.098,-4.211,100176.8,582.22,284.86
2012-06-01 14:00:00,0.00000000,288.96,0.00771,-1.337,-4.265,100165.6,725.73,285.85
2012-06-01 15:00:00,0.00000000,290.05,0.00775,-1.562,-4.315,100152.6,736.78,323.72
2012-06-01 16:00:00,0.00000000,290.69,0.00797,-1.384,-3.583,100124.5,777.34,324.24
2012-06-01 17:00:00,0.00000000,291.33,0.00819,-1.204,-2.851,100102.7,765.80,324.79
2012-06-01 18:00:00,0.00000000,291.97,0.00842,-1.019,-2.115,100076.5,726.64,352.97
2012-06-01 19:00:00,0.00000000,292.39,0.00863,-1.208,-1.775,100037.9,657.28,353.15
2012-06-01 20:00:00,0.00000000,292.81,0.00885,-1.403,-1.434, 99996.5,548.94,353.30
2012-06-01 21:00:00,0.00000000,293.23,0.00906,-1.588,-1.090, 99955.0,408.04,365.80
2012-06-01 22:00:00,0.00000000,292.05,0.00916,-1.765,-0.555, 99976.3,276.19,363.67
2012-06-01 23:00:00,0.00000000,290.87,0.00924,-1.933,-0.024, 99999.4,148.15,361.58
2012-06-02 00:00:00,0.00000000,289.69,0.00931,-2.110, 0.516,100015.0, 14.50,368.99
2012-06-02 01:00:00,0.00000000,288.53,0.00875,-1.901, 1.046,100013.4,  0.00,366.73
2012-06-02 02:00:00,0.00000000,287.36,0.00821,-1.693, 1.576,100008.9,  0.00,364.43
2012-06-02 03:00:00,0.00000000,286.21,0.00770,-1.493, 2.105,100000.2,  0.00,357.29
2012-06-02 04:00:00,0.00000000,285.59,0.00757,-1.604, 1.907,100051.4,  0.00,356.41
2012-06-02 05:00:00,0.00000000,284.98,0.00744,-1.706, 1.707,100105.0,  0.00,355.51
2012-06-02 06:00:00,0.00000000,284.37,0.00731,-1.817, 1.504,100156.0,  0.00,340.81
2012-06-02 07:00:00,0.00000000,283.95,0.00718,-2.153, 1.253,100039.9,  0.00,340.79
2012-06-02 08:00:00,0.00000000,283.53,0.00705,-2.490, 0.999, 99925.6,  0.00,340.74
2012-06-02 09:00:00,0.00000000,283.11,0.00692,-2.831, 0.744, 99811.9,  0.00,335.06
2012-06-02 10:00:00,0.00000000,284.82,0.00749,-3.293, 1.287, 99892.8, 97.82,338.34
2012-06-02 11:00:00,0.00000000,286.52,0.00809,-3.754, 1.836, 99972.7,203.93,341.60
2012-06-02 12:00:00,0.00000000,288.23,0.00873,-4.220, 2.379,100051.0,241.34,357.56
2012-06-02 13:00:00,0.00000000,288.84,0.00918,-4.378, 2.751, 99973.2,337.72,358.75
2012-06-02 14:00:00,0.00000000,289.44,0.00964,-4.529, 3.126, 99894.2,420.88,359.96
2012-06-02 15:00:00,0.00000000,290.05,0.01011,-4.689, 3.503, 99817.1,374.38,375.68
2012-06-02 16:00:00,0.00000000,289.88,0.01023,-5.542, 3.412, 99775.4,394.98,374.74
2012-06-02 17:00:00,0.00004195,289.72,0.01034,-6.382, 3.327, 99737.8,389.05,373.78
2012-06-02 18:00:00,0.00022062,289.55,0.01045,-7.237, 3.239, 99701.7,220.21,379.55
2012-06-02 19:00:00,0.00033413,288.85,0.01008,-7.171, 3.274, 99610.1,199.29,378.02
2012-06-02 20:00:00,0.00000000,288.15,0.00972,-7.109, 3.312, 99523.7,166.55,376.49
2012-06-02 21:00:00,0.00019824,287.44,0.00937,-7.050, 3.334, 99434.6,137.15,370.12
2012-06-02 22:00:00,0.00012572,287.00,0.00917,-6.796, 2.698, 99499.0, 92.97,369.70
2012-06-02 23:00:00,0.00006814,286.55,0.00896,-6.544, 2.071, 99562.8, 50.16,369.23
2012-06-03 00:00:00,0.00046570,286.11,0.00877,-6.290, 1.436, 99625.5,  5.84,364.48
2012-06-03 01:00:00,0.00009975,285.57,0.00847,-6.987, 1.085, 99551.3,  0.00,364.16
2012-06-03 02:00:00,0.00000056,285.03,0.00819,-7.675, 0.730, 99478.0,  0.00,363.79
2012-06-03 03:00:00,0.00056555,284.49,0.00790,-8.376, 0.379, 99402.9,  0.00,361.27
2012-06-03 04:00:00,0.00104942,284.22,0.00787,-7.656,-0.232, 99406.1,  0.00,361.05
2012-06-03 05:00:00,0.00276809,283.95,0.00783,-6.942,-0.838, 99404.2,  0.00,360.76
2012-06-03 06:00:00,0.00188491,283.68,0.00780,-6.224,-1.447, 99406.0,  0.00,355.86
2012-06-03 07:00:00,0.00109557,283.46,0.00769,-5.862,-1.720, 99339.0,  0.00,355.73
2012-06-03 08:00:00,0.00161947,283.25,0.00759,-5.499,-1.993, 99269.9,  0.00,355.59
2012-06-03 09:00:00,0.00132801,283.03,0.00749,-5.143,-2.264, 99198.0,  0.00,355.94
2012-06-03 10:00:00,0.00164322,283.17,0.00746,-5.159,-2.328, 99222.6, 31.75,355.85
2012-06-03 11:00:00,0.00089006,283.30,0.00745,-5.184,-2.402, 99249.9, 65.92,355.79
2012-06-03 12:00:00,0.00083439,283.44,0.00743,-5.200,-2.470, 99273.5, 79.35,355.59
2012-06-03 13:00:00,0.00088553,283.86,0.00762,-5.360,-2.749, 99242.9,111.00,356.65
2012-06-03 14:00:00,0.00044787,284.28,0.00782,-5.525,-3.019, 99210.3,138.25,357.73
2012-06-03 15:00:00,0.00045817,284.71,0.00802,-5.677,-3.299, 99175.5,192.41,362.26
2012-06-03 16:00:00,0.00071625,284.98,0.00820,-5.795,-3.426, 99138.9,203.08,362.60
2012-06-03 17:00:00,0.00077639,285.25,0.00838,-5.906,-3.552, 99101.7,200.01,363.02
2012-06-03 18:00:00,0.00096387,285.52,0.00856,-6.022,-3.684, 99060.6,220.02,362.02
2012-06-03 19:00:00,0.00047413,285.48,0.00856,-5.393,-3.670, 99131.7,199.18,361.69
2012-06-03 20:00:00,0.00067810,285.44,0.00856,-4.775,-3.651, 99207.2,166.55,361.38
2012-06-03 21:00:00,0.00195890,285.40,0.00856,-4.154,-3.638, 99277.7,141.31,360.80
2012-06-03 22:00:00,0.00206954,285.01,0.00844,-3.876,-3.795, 99242.0, 95.95,359.80
2012-06-03 23:00:00,0.00095320,284.61,0.00832,-3.601,-3.957, 99204.0, 52.03,358.77
2012-06-04 00:00:00,0.00082862,284.21,0.00819,-3.326,-4.118, 99167.0,  6.34,352.02
2012-06-04 01:00:00,0.00077045,283.81,0.00800,-3.152,-4.290, 99129.7,  0.00,352.32
2012-06-04 02:00:00,0.00095034,283.42,0.00781,-2.984,-4.465, 99085.2,  0.00,352.65
2012-06-04 03:00:00,0.00137849,283.02,0.00761,-2.810,-4.633, 99049.1,  0.00,350.45
2012-06-04 04:00:00,0.00112664,282.89,0.00754,-3.396,-4.994, 99050.4,  0.00,350.57
2012-06-04 05:00:00,0.00150470,282.76,0.00747,-3.978,-5.351, 99048.7,  0.00,350.66
2012-06-04 06:00:00,0.00152389,282.63,0.00740,-4.563,-5.710, 99051.6,  0.00,347.19
2012-06-04 07:00:00,0.00058000,282.35,0.00726,-4.144,-5.593, 99003.4,  0.00,347.43
2012-06-04 08:00:00,0.00056274,282.07,0.00711,-3.728,-5.475, 98955.6,  0.00,347.62
2012-06-04 09:00:00,0.00033843,281.79,0.00697,-3.305,-5.356, 98908.3,  0.00,345.74
2012-06-04 10:00:00,0.00093843,281.95,0.00699,-3.391,-5.467, 98952.6, 38.64,345.70
2012-06-04 11:00:00,0.00039441,282.11,0.00701,-3.490,-5.589, 98991.4, 79.95,345.59
2012-06-04 12:00:00,0.00043334,282.27,0.00703,-3.580,-5.703, 99037.6,116.42,350.64
2012-06-04 13:00:00,0.00051540,282.78,0.00721,-3.580,-5.589, 99078.1,162.79,350.59
2012-06-04 14:00:00,0.00060170,283.29,0.00739,-3.578,-5.480, 99117.5,202.78,350.53
2012-06-04 15:00:00,0.00059787,283.79,0.00758,-3.579,-5.369, 99154.8,319.25,355.67
2012-06-04 16:00:00,0.00028297,284.57,0.00773,-3.215,-5.280, 99206.3,336.90,355.64
2012-06-04 17:00:00,0.00000000,285.35,0.00790,-2.854,-5.187, 99258.5,331.84,355.64
2012-06-04 18:00:00,0.00000000,286.13,0.00806,-2.490,-5.105, 99310.3,530.86,343.73
2012-06-04 19:00:00,0.00000000,286.46,0.00797,-2.883,-5.076, 99260.8,480.65,343.70
2012-06-04 20:00:00,0.00015570,286.78,0.00788,-3.282,-5.046, 99213.8,402.27,343.62
2012-06-04 21:00:00,0.00004562,287.11,0.00780,-3.676,-5.019, 99163.7,332.53,337.72
2012-06-04 22:00:00,0.00000000,286.62,0.00770,-3.197,-4.450, 99266.8,226.27,337.81
2012-06-04 23:00:00,0.00000000,286.13,0.00759,-2.714,-3.879, 99372.8,123.18,337.91
2012-06-05 00:00:00,0.00000000,285.63,0.00749,-2.239,-3.313, 99479.0,  9.52,344.80
2012-06-05 01:00:00,0.00000000,284.88,0.00737,-2.010,-3.513, 99412.0,  0.00,344.90
2012-06-05 02:00:00,0.00000000,284.13,0.00724,-1.781,-3.719, 99347.3,  0.00,344.92
2012-06-05 03:00:00,0.00000000,283.38,0.00712,-1.553,-3.926, 99284.3,  0.00,349.63
2012-06-05 04:00:00,0.00000000,283.30,0.00712,-1.343,-4.204, 99315.0,  0.00,349.85
2012-06-05 05:00:00,0.00000000,283.21,0.00711,-1.127,-4.477, 99345.5,  0.00,349.98
2012-06-05 06:00:00,0.00000000,283.13,0.00712,-0.911,-4.760, 99378.8,  0.00,329.20
2012-06-05 07:00:00,0.00000000,282.65,0.00692,-0.541,-4.058, 99343.6,  0.00,329.02
2012-06-05 08:00:00,0.00000000,282.17,0.00673,-0.163,-3.358, 99308.6,  0.00,328.78
2012-06-05 09:00:00,0.00004489,281.70,0.00654, 0.202,-2.662, 99273.3,  0.00,318.34
2012-06-05 10:00:00,0.00005449,282.94,0.00698,-0.149,-3.171, 99369.2, 74.71,320.27
2012-06-05 11:00:00,0.00014595,284.18,0.00743,-0.509,-3.669, 99464.9,154.11,322.19
2012-06-05 12:00:00,0.00000000,285.41,0.00789,-0.867,-4.179, 99567.7, 92.21,361.65
2012-06-05 13:00:00,0.00000000,285.94,0.00814,-1.005,-4.544, 99534.8,128.85,363.49
2012-06-05 14:00:00,0.00000000,286.47,0.00839,-1.136,-4.903, 99502.5,160.51,365.31
2012-06-05 15:00:00,0.00000000,286.99,0.00864,-1.275,-5.273, 99474.0,179.51,368.02
2012-06-05 16:00:00,0.00000000,287.13,0.00885,-1.053,-5.210, 99534.2,189.44,368.45
2012-06-05 17:00:00,0.00000000,287.27,0.00906,-0.826,-5.153, 99599.1,186.71,368.89
2012-06-05 18:00:00,0.00001793,287.41,0.00927,-0.600,-5.097, 99664.9,251.30,358.59
2012-06-05 19:00:00,0.00000000,287.61,0.00929,-0.526,-4.976, 99674.0,227.61,359.21
2012-06-05 20:00:00,0.00016443,287.81,0.00931,-0.451,-4.856, 99680.1,190.45,359.82
2012-06-05 21:00:00,0.00000003,288.02,0.00934,-0.382,-4.741, 99687.6,262.73,347.82
2012-06-05 22:00:00,0.00000340,288.13,0.00938,-0.301,-4.262, 99707.6,179.09,349.11
2012-06-05 23:00:00,0.00012690,288.23,0.00942,-0.221,-3.783, 99727.8, 97.89,350.41
2012-06-06 00:00:00,0.00000000,288.34,0.00946,-0.143,-3.305, 99747.0,  8.01,362.45
2012-06-06 01:00:00,0.00000000,286.75,0.00870,-0.036,-3.014, 99723.8,  0.00,356.84
2012-06-06 02:00:00,0.00000000,285.17,0.00800, 0.072,-2.728, 99703.8,  0.00,351.29
2012-06-06 03:00:00,0.00000000,283.59,0.00735, 0.186,-2.437, 99683.2,  0.00,340.78
2012-06-06 04:00:00,0.00000000,283.06,0.00718, 0.272,-2.326, 99715.6,  0.00,339.36
2012-06-06 05:00:00,0.00000000,282.53,0.00701, 0.366,-2.212, 99749.4,  0.00,337.88
2012-06-06 06:00:00,0.00000000,282.00,0.00685, 0.459,-2.096, 99782.5,  0.00,331.24
2012-06-06 07:00:00,0.00000000,281.75,0.00672, 0.504,-2.073, 99772.3,  0.00,330.77
2012-06-06 08:00:00,0.00000000,281.50,0.00660, 0.547,-2.047, 99764.3,  0.00,330.30
2012-06-06 09:00:00,0.00000000,281.25,0.00648, 0.597,-2.024, 99750.8,  0.00,336.40
2012-06-06 10:00:00,0.00000000,282.42,0.00691, 0.389,-1.994, 99766.3, 57.51,338.02
2012-06-06 11:00:00,0.00000000,283.60,0.00736, 0.183,-1.958, 99779.0,118.31,339.72
2012-06-06 12:00:00,0.00000000,284.78,0.00782,-0.024,-1.927, 99795.9,205.36,354.20
2012-06-06 13:00:00,0.00000000,285.65,0.00788, 0.135,-2.130, 99764.9,286.93,355.54
2012-06-06 14:00:00,0.00000000,286.52,0.00795, 0.285,-2.341, 99733.2,357.30,356.91
2012-06-06 15:00:00,0.00000000,287.39,0.00801, 0.447,-2.552, 99704.6,442.07,355.38
2012-06-06 16:00:00,0.00000000,287.96,0.00814, 0.544,-2.804, 99737.1,466.56,356.33
2012-06-06 17:00:00,0.00000000,288.52,0.00828, 0.644,-3.070, 99768.8,459.84,357.27
2012-06-06 18:00:00,0.00000000,289.09,0.00842, 0.739,-3.320, 99800.2,539.21,347.84
2012-06-06 19:00:00,0.00000000,289.52,0.00847, 0.428,-2.858, 99820.8,488.65,348.57
2012-06-06 20:00:00,0.00000000,289.96,0.00852, 0.106,-2.390, 99841.8,409.35,349.33
2012-06-06 21:00:00,0.00000000,290.40,0.00857,-0.217,-1.929, 99861.9,278.42,360.05
2012-06-06 22:00:00,0.00000000,289.42,0.00849,-0.077,-1.584, 99864.6,190.10,358.60
2012-06-06 23:00:00,0.00011774,288.44,0.00841, 0.065,-1.232, 99867.2,104.39,357.21
2012-06-07 00:00:00,0.00000000,287.47,0.00833, 0.209,-0.887, 99866.1,  7.11,356.52
2012-06-07 01:00:00,0.00000000,286.64,0.00800, 0.302,-0.848, 99895.0,  0.00,355.24
2012-06-07 02:00:00,0.00000000,285.82,0.00768, 0.401,-0.815, 99919.7,  0.00,354.00
2012-06-07 03:00:00,0.00000000,285.00,0.00737, 0.494,-0.775, 99950.5,  0.00,320.88
2012-06-07 04:00:00,0.00000000,283.88,0.00702, 0.368,-1.053, 99920.8,  0.00,319.06
2012-06-07 05:00:00,0.00000000,282.77,0.00668, 0.248,-1.334, 99895.1,  0.00,317.26
2012-06-07 06:00:00,0.00000000,281.65,0.00635, 0.117,-1.623, 99865.6,  0.00,313.98
2012-06-07 07:00:00,0.00000000,281.32,0.00622, 0.066,-1.705, 99836.8,  0.00,313.57
2012-06-07 08:00:00,0.00000000,280.99,0.00610, 0.016,-1.796, 99806.4,  0.00,313.22
2012-06-07 09:00:00,0.00000000,280.66,0.00597,-0.036,-1.881, 99776.2,  0.00,320.36
2012-06-07 10:00:00,0.00000000,281.69,0.00640, 0.001,-1.749, 99831.1, 61.28,321.19
2012-06-07 11:00:00,0.00000001,282.71,0.00684, 0.048,-1.627, 99884.5,125.74,322.05
2012-06-07 12:00:00,0.00000000,283.74,0.00729, 0.090,-1.499, 99940.5,217.45,345.86
2012-06-07 13:00:00,0.00000000,285.07,0.00768, 0.326,-1.486, 99908.4,303.71,347.39
2012-06-07 14:00:00,0.00000000,286.41,0.00808, 0.551,-1.464, 99876.9,378.20,348.94
2012-06-07 15:00:00,0.00000000,287.75,0.00849, 0.785,-1.452, 99845.5,650.87,337.87
2012-06-07 16:00:00,0.00000000,288.74,0.00849, 0.485,-1.322, 99812.5,686.91,339.10
2012-06-07 17:00:00,0.00000000,289.74,0.00848, 0.177,-1.194, 99776.8,677.09,340.33
2012-06-07 18:00:00,0.00000000,290.74,0.00847,-0.121,-1.064, 99747.7,556.42,355.02
2012-06-07 19:00:00,0.00000000,291.11,0.00864, 0.384,-0.936, 99739.2,504.34,355.71
2012-06-07 20:00:00,0.00000000,291.49,0.00883, 0.895,-0.809, 99733.7,422.51,356.39
2012-06-07 21:00:00,0.00000000,291.86,0.00901, 1.408,-0.692, 99727.7,281.24,368.73
2012-06-07 22:00:00,0.00000000,290.92,0.00899, 1.144,-0.402, 99702.9,192.30,367.65
2012-06-07 23:00:00,0.00000000,289.98,0.00896, 0.893,-0.119, 99680.7,106.06,366.53
2012-06-08 00:00:00,0.00000000,289.05,0.00893, 0.639, 0.172, 99656.2, 20.28,332.54
2012-06-08 01:00:00,0.00000000,287.41,0.00811, 0.885, 0.701, 99679.7,  0.00,329.54
2012-06-08 02:00:00,0.00000000,285.76,0.00733, 1.133, 1.240, 99702.8,  0.00,326.50
2012-06-08 03:00:00,0.00000000,284.13,0.00660, 1.385, 1.774, 99723.7,  0.00,310.59
2012-06-08 04:00:00,0.00000000,283.54,0.00642, 1.421, 1.176, 99653.0,  0.00,310.06
2012-06-08 05:00:00,0.00000000,282.96,0.00624, 1.453, 0.587, 99585.4,  0.00,309.55
2012-06-08 06:00:00,0.00000000,282.37,0.00607, 1.492,-0.010, 99515.0,  0.00,282.26
2012-06-08 07:00:00,0.00000000,281.83,0.00586, 1.855,-0.031, 99525.8,  0.00,282.18
2012-06-08 08:00:00,0.00000000,281.27,0.00566, 2.223,-0.056, 99538.4,  0.00,282.09
2012-06-08 09:00:00,0.00000000,280.73,0.00546, 2.586,-0.076, 99549.2,  0.12,281.51
2012-06-08 10:00:00,0.00000000,282.71,0.00642, 2.203,-0.144, 99517.6,117.66,282.35
2012-06-08 11:00:00,0.00000000,284.69,0.00740, 1.815,-0.209, 99484.2,240.92,283.14
2012-06-08 12:00:00,0.00000000,286.68,0.00840, 1.432,-0.272, 99448.1,378.49,326.22
2012-06-08 13:00:00,0.00017801,288.48,0.00887, 1.487, 1.005, 99419.6,528.57,327.10
2012-06-08 14:00:00,0.00006467,290.27,0.00933, 1.553, 2.282, 99388.5,658.13,327.96
2012-06-08 15:00:00,0.00000000,292.07,0.00981, 1.616, 3.560, 99360.9,749.31,333.86
2012-06-08 16:00:00,0.00000000,292.54,0.01001, 1.581, 3.844, 99335.1,790.97,334.28
2012-06-08 17:00:00,0.00000000,293.01,0.01021, 1.551, 4.126, 99311.6,779.83,334.71
2012-06-08 18:00:00,0.00000000,293.48,0.01042, 1.515, 4.416, 99286.9,528.22,372.05
2012-06-08 19:00:00,0.00000000,292.92,0.01064, 1.624, 5.010, 99223.8,478.90,372.11
2012-06-08 20:00:00,0.00019230,292.38,0.01087, 1.724, 5.606, 99159.3,401.39,372.16
2012-06-08 21:00:00,0.00350685,291.82,0.01110, 1.830, 6.204, 99096.0,295.90,363.14
2012-06-08 22:00:00,0.00000000,290.84,0.01086, 1.249, 5.455, 99110.5,202.65,362.05
2012-06-08 23:00:00,0.00002318,289.86,0.01062, 0.680, 4.707, 99121.4,112.13,360.92
2012-06-09 00:00:00,0.00005588,288.88,0.01038, 0.108, 3.953, 99135.4, 10.75,346.80
2012-06-09 01:00:00,0.00065801,287.87,0.00992, 0.318, 3.209, 99098.4,  0.00,345.98
2012-06-09 02:00:00,0.00000096,286.85,0.00946, 0.528, 2.465, 99064.0,  0.00,345.18
2012-06-09 03:00:00,0.00000000,285.84,0.00902, 0.744, 1.716, 99027.5,  0.00,325.85
2012-06-09 04:00:00,0.00002996,285.11,0.00847, 1.258, 0.607, 99100.4,  0.00,325.40
2012-06-09 05:00:00,0.00000000,284.37,0.00792, 1.781,-0.504, 99172.1,  0.00,324.92
2012-06-09 06:00:00,0.00000000,283.64,0.00739, 2.298,-1.615, 99243.8,  0.00,289.69
2012-06-09 07:00:00,0.00000000,283.04,0.00709, 2.288,-1.582, 99232.9,  0.00,289.18
2012-06-09 08:00:00,0.00000000,282.44,0.00680, 2.277,-1.538, 99222.7,  0.00,288.66
2012-06-09 09:00:00,0.00000000,281.84,0.00651, 2.266,-1.506, 99211.4,  0.39,277.99
2012-06-09 10:00:00,0.00000000,283.57,0.00702, 2.704,-1.566, 99279.8,120.31,279.46
2012-06-09 11:00:00,0.00000000,285.30,0.00754, 3.140,-1.622, 99352.0,245.85,280.88
2012-06-09 12:00:00,0.00000000,287.03,0.00808, 3.580,-1.684, 99421.5,406.55,308.46
2012-06-09 13:00:00,0.00000000,288.55,0.00850, 3.521,-2.493, 99383.6,567.63,310.12
2012-06-09 14:00:00,0.00000000,290.06,0.00893, 3.463,-3.312, 99347.2,706.77,311.88
2012-06-09 15:00:00,0.00000000,291.58,0.00937, 3.401,-4.124, 99310.7,676.17,336.50
2012-06-09 16:00:00,0.00000000,292.22,0.00949, 3.548,-3.961, 99339.9,713.75,337.56
2012-06-09 17:00:00,0.00000000,292.87,0.00962, 3.685,-3.802, 99366.3,704.02,338.63
2012-06-09 18:00:00,0.00000000,293.51,0.00974, 3.826,-3.642, 99393.1,775.05,343.77
2012-06-09 19:00:00,0.00000000,294.48,0.00996, 3.732,-3.100, 99380.4,702.95,345.55
2012-06-09 20:00:00,0.00000000,295.45,0.01018, 3.640,-2.564, 99366.0,589.47,347.36
2012-06-09 21:00:00,0.00000000,296.42,0.01041, 3.548,-2.029, 99347.2,501.43,322.59
2012-06-09 22:00:00,0.00000000,294.56,0.00993, 3.335,-1.786, 99425.3,343.87,320.48
2012-06-09 23:00:00,0.00000000,292.70,0.00946, 3.130,-1.552, 99502.0,190.95,318.39
2012-06-10 00:00:00,0.00000000,290.84,0.00901, 2.920,-1.307, 99580.8, 17.28,292.47
2012-06-10 01:00:00,0.00000000,288.93,0.00786, 2.652,-1.671, 99635.0,  0.00,290.07
2012-06-10 02:00:00,0.00000000,287.02,0.00677, 2.394,-2.035, 99686.3,  0.00,287.63
2012-06-10 03:00:00,0.00000000,285.12,0.00576, 2.130,-2.392, 99737.9,  0.00,279.47
2012-06-10 04:00:00,0.00000000,283.90,0.00548, 2.255,-2.378, 99784.4,  0.00,277.52
2012-06-10 05:00:00,0.00000000,282.67,0.00521, 2.384,-2.368, 99822.5,  0.00,275.54
2012-06-10 06:00:00,0.00000000,281.45,0.00494, 2.507,-2.354, 99869.9,  0.00,269.49
2012-06-10 07:00:00,0.00000000,280.83,0.00480, 2.399,-2.483, 99890.9,  0.00,268.52
2012-06-10 08:00:00,0.00000000,280.21,0.00467, 2.287,-2.613, 99911.1,  0.00,267.62
2012-06-10 09:00:00,0.00000000,279.59,0.00453, 2.173,-2.739, 99934.6,  0.76,271.39
2012-06-10 10:00:00,0.00000000,282.52,0.00576, 1.851,-2.429,100053.9,132.54,274.24
2012-06-10 11:00:00,0.00000000,285.48,0.00709, 1.518,-2.126,100173.6,270.46,277.11
2012-06-10 12:00:00,0.00000000,288.41,0.00852, 1.192,-1.814,100291.9,440.38,303.14
2012-06-10 13:00:00,0.00000000,290.42,0.00898, 0.829,-2.498,100268.0,614.70,305.27
2012-06-10 14:00:00,0.00000000,292.43,0.00945, 0.483,-3.176,100239.0,765.39,307.42
2012-06-10 15:00:00,0.00000000,294.44,0.00993, 0.130,-3.857,100211.5,861.74,328.31
2012-06-10 16:00:00,0.00000000,295.05,0.01025,-0.244,-3.571,100230.2,909.80,328.93
2012-06-10 17:00:00,0.00000000,295.68,0.01059,-0.626,-3.280,100245.4,897.17,329.61
2012-06-10 18:00:00,0.00000000,296.29,0.01092,-1.001,-2.991,100257.4,848.99,344.64
2012-06-10 19:00:00,0.00000000,296.64,0.01116,-0.917,-2.385,100275.8,770.25,344.97
2012-06-10 20:00:00,0.00000000,296.99,0.01141,-0.834,-1.780,100289.6,646.32,345.31
2012-06-10 21:00:00,0.00000000,297.34,0.01165,-0.758,-1.173,100307.3,460.31,364.35
2012-06-10 22:00:00,0.00000000,295.72,0.01155,-1.158,-0.235,100371.3,316.09,361.97
2012-06-10 23:00:00,0.00000000,294.10,0.01144,-1.566, 0.700,100437.2,176.12,359.60
2012-06-11 00:00:00,0.00000000,292.47,0.01132,-1.963, 1.635,100502.5, 16.82,333.74
2012-06-11 01:00:00,0.00000000,290.30,0.01016,-1.825, 1.951,100528.4,  0.00,330.97
2012-06-11 02:00:00,0.00000000,288.12,0.00907,-1.675, 2.273,100557.9,  0.00,328.18
2012-06-11 03:00:00,0.00000000,285.94,0.00804,-1.538, 2.596,100585.8,  0.00,310.66
2012-06-11 04:00:00,0.00000000,284.96,0.00764,-1.270, 2.622,100631.5,  0.00,309.66
2012-06-11 05:00:00,0.00000000,283.96,0.00724,-1.006, 2.647,100674.9,  0.00,308.58
2012-06-11 06:00:00,0.00000000,282.98,0.00685,-0.741, 2.678,100718.4,  0.00,291.24
2012-06-11 07:00:00,0.00000000,282.45,0.00659,-0.527, 2.453,100730.9,  0.00,290.88
2012-06-11 08:00:00,0.00000000,281.93,0.00632,-0.308, 2.228,100742.3,  0.00,290.53
2012-06-11 09:00:00,0.00000000,281.40,0.00606,-0.098, 2.002,100753.8,  1.09,289.87
2012-06-11 10:00:00,0.00000000,284.05,0.00724,-0.114, 1.942,100821.6,130.26,294.26
2012-06-11 11:00:00,0.00000000,286.69,0.00854,-0.121, 1.887,100887.5,265.45,298.67
2012-06-11 12:00:00,0.00000000,289.33,0.00996,-0.132, 1.829,100955.7,420.07,332.85
2012-06-11 13:00:00,0.00000000,291.44,0.01103, 0.174, 2.797,100902.1,586.35,336.27
2012-06-11 14:00:00,0.00000000,293.56,0.01217, 0.473, 3.765,100851.8,730.06,339.73
2012-06-11 15:00:00,0.00000000,295.67,0.01337, 0.782, 4.741,100804.9,705.74,376.25
2012-06-11 16:00:00,0.00000000,296.07,0.01361, 0.923, 5.130,100802.6,745.10,376.95
2012-06-11 17:00:00,0.00000000,296.49,0.01385, 1.058, 5.508,100808.2,734.85,377.63
2012-06-11 18:00:00,0.00000000,296.89,0.01409, 1.200, 5.894,100808.5,652.29,391.06
2012-06-11 19:00:00,0.00000000,296.83,0.01418, 1.483, 5.865,100735.1,591.96,390.88
2012-06-11 20:00:00,0.00000000,296.77,0.01427, 1.774, 5.845,100662.7,497.04,390.69
2012-06-11 21:00:00,0.00000000,296.70,0.01435, 2.056, 5.818,100588.4,443.84,366.49
2012-06-11 22:00:00,0.00000000,294.90,0.01335, 1.549, 5.221,100613.2,305.16,362.60
2012-06-11 23:00:00,0.00000000,293.11,0.01240, 1.050, 4.620,100639.2,170.62,358.73
2012-06-12 00:00:00,0.00000000,291.31,0.01150, 0.539, 4.022,100663.8, 15.49,335.72
2012-06-12 01:00:00,0.00000000,289.43,0.01030, 0.562, 4.007,100631.2,  0.00,332.14
2012-06-12 02:00:00,0.00000000,287.55,0.00918, 0.580, 3.989,100600.0,  0.00,328.57
2012-06-12 03:00:00,0.00000000,285.67,0.00815, 0.597, 3.981,100563.6,  0.00,328.72
2012-06-12 04:00:00,0.00000000,285.10,0.00791, 0.533, 3.547,100533.2,  0.00,327.67
2012-06-12 05:00:00,0.00000000,284.53,0.00769, 0.460, 3.115,100506.5,  0.00,326.66
2012-06-12 06:00:00,0.00000000,283.96,0.00747, 0.398, 2.678,100475.1,  0.00,333.01
2012-06-12 07:00:00,0.00000000,283.83,0.00741, 0.229, 2.706,100418.6,  0.00,333.00
2012-06-12 08:00:00,0.00000000,283.71,0.00735, 0.057, 2.726,100361.2,  0.00,333.04
2012-06-12 09:00:00,0.00000000,283.59,0.00729,-0.113, 2.753,100306.2,  1.20,336.59
2012-06-12 10:00:00,0.00000000,285.55,0.00816,-0.383, 3.130,100300.7,114.66,339.18
2012-06-12 11:00:00,0.00000000,287.50,0.00908,-0.646, 3.509,100298.4,233.39,341.77
2012-06-12 12:00:00,0.00000000,289.46,0.01004,-0.916, 3.882,100296.0,314.47,382.92
2012-06-12 13:00:00,0.00000000,290.67,0.01077,-0.607, 4.520,100249.0,438.90,384.22
2012-06-12 14:00:00,0.00000000,291.88,0.01152,-0.299, 5.151,100203.1,546.50,385.46
2012-06-12 15:00:00,0.00000000,293.08,0.01228, 0.013, 5.785,100158.6,533.24,399.50
2012-06-12 16:00:00,0.00000000,293.64,0.01274, 0.392, 5.639,100126.3,563.00,399.81
2012-06-12 17:00:00,0.00000000,294.21,0.01321, 0.772, 5.494,100093.3,555.35,400.16
2012-06-12 18:00:00,0.00000000,294.76,0.01368, 1.144, 5.345,100061.3,687.11,386.51
2012-06-12 19:00:00,0.00000000,295.11,0.01400, 0.614, 5.647, 99986.8,623.66,386.49
2012-06-12 20:00:00,0.00000000,295.46,0.01432, 0.079, 5.943, 99910.9,523.85,386.54
2012-06-12 21:00:00,0.00000000,295.80,0.01463,-0.458, 6.250, 99841.7,439.36,371.28
2012-06-12 22:00:00,0.00000000,294.50,0.01390,-0.753, 5.523, 99835.9,302.41,369.78
2012-06-12 23:00:00,0.00000000,293.20,0.01319,-1.039, 4.797, 99834.0,169.56,368.22
2012-06-13 00:00:00,0.00000000,291.90,0.01250,-1.335, 4.077, 99830.4, 18.56,374.14
2012-06-13 01:00:00,0.00000000,290.61,0.01177,-1.455, 4.218, 99840.2,  0.00,373.06
2012-06-13 02:00:00,0.00000000,289.33,0.01106,-1.571, 4.357, 99847.9,  0.00,371.96
2012-06-13 03:00:00,0.00003961,288.04,0.01036,-1.691, 4.496, 99858.6,  0.00,368.39
2012-06-13 04:00:00,0.00001651,287.62,0.01008,-1.125, 4.226, 99826.2,  0.00,368.44
2012-06-13 05:00:00,0.00000000,287.19,0.00979,-0.562, 3.962, 99797.8,  0.00,368.45
2012-06-13 06:00:00,0.00000000,286.77,0.00950, 0.003, 3.689, 99763.7,  0.00,371.66
2012-06-13 07:00:00,0.00000434,286.68,0.00942,-0.460, 3.625, 99725.3,  0.00,372.10
2012-06-13 08:00:00,0.00001285,286.59,0.00935,-0.937, 3.561, 99687.0,  0.00,372.55
2012-06-13 09:00:00,0.00002011,286.50,0.00927,-1.409, 3.496, 99647.9,  0.41,377.28
2012-06-13 10:00:00,0.00014353,286.86,0.00938,-1.507, 3.540, 99712.3, 34.19,377.77
2012-06-13 11:00:00,0.00029957,287.22,0.00951,-1.601, 3.588, 99770.1, 69.57,378.29
2012-06-13 12:00:00,0.00021988,287.57,0.00963,-1.703, 3.627, 99832.2, 96.59,383.98
2012-06-13 13:00:00,0.00078122,287.84,0.00981,-1.545, 3.827, 99812.2,134.83,383.95
2012-06-13 14:00:00,0.00070088,288.11,0.00999,-1.385, 4.032, 99788.9,167.81,383.98
2012-06-13 15:00:00,0.00063428,288.38,0.01018,-1.225, 4.242, 99768.4,251.36,387.31
2012-06-13 16:00:00,0.00021624,289.21,0.01072,-0.769, 4.132, 99805.1,265.46,388.94
2012-06-13 17:00:00,0.00020223,290.04,0.01128,-0.309, 4.020, 99842.2,261.84,390.60
2012-06-13 18:00:00,0.00005142,290.86,0.01185, 0.144, 3.911, 99877.1,541.69,381.70
2012-06-13 19:00:00,0.00000000,291.99,0.01251, 0.177, 3.506, 99877.7,491.93,382.37
2012-06-13 20:00:00,0.00000000,293.13,0.01318, 0.209, 3.097, 99877.6,413.27,382.98
2012-06-13 21:00:00,0.00000000,294.26,0.01386, 0.242, 2.696, 99872.6,366.02,376.47
2012-06-13 22:00:00,0.00000000,293.61,0.01342, 0.417, 2.360, 99947.4,252.27,375.95
2012-06-13 23:00:00,0.00000000,292.95,0.01298, 0.586, 2.027,100022.1,141.77,375.38
2012-06-14 00:00:00,0.00000000,292.29,0.01254, 0.751, 1.692,100098.2, 17.67,338.69
2012-06-14 01:00:00,0.00000000,290.99,0.01168, 0.762, 1.085,100159.7,  0.00,337.89
2012-06-14 02:00:00,0.00000000,289.68,0.01083, 0.769, 0.480,100226.8,  0.00,337.10
2012-06-14 03:00:00,0.00000000,288.38,0.01000, 0.784,-0.130,100287.3,  0.00,309.76
2012-06-14 04:00:00,0.00000000,287.53,0.00955, 1.076,-0.981,100322.4,  0.00,309.13
2012-06-14 05:00:00,0.00000000,286.68,0.00909, 1.374,-1.829,100358.5,  0.00,308.55
2012-06-14 06:00:00,0.00000000,285.83,0.00865, 1.674,-2.681,100392.7,  0.00,297.19
2012-06-14 07:00:00,0.00000000,285.38,0.00835, 1.369,-2.813,100414.3,  0.00,296.62
2012-06-14 08:00:00,0.00000000,284.93,0.00805, 1.058,-2.937,100437.1,  0.00,296.06
2012-06-14 09:00:00,0.00000000,284.48,0.00776, 0.756,-3.067,100463.0,  1.67,296.28
2012-06-14 10:00:00,0.00000000,286.29,0.00864, 0.225,-3.306,100506.9,131.69,297.42
2012-06-14 11:00:00,0.00000000,288.10,0.00953,-0.296,-3.554,100554.9,267.84,298.52
2012-06-14 12:00:00,0.00000000,289.91,0.01046,-0.824,-3.803,100602.6,435.87,312.96
2012-06-14 13:00:00,0.00000000,291.07,0.01052,-0.816,-4.226,100676.4,608.33,314.53
2012-06-14 14:00:00,0.00000000,292.24,0.01059,-0.810,-4.654,100749.7,757.59,316.08
2012-06-14 15:00:00,0.00000000,293.40,0.01064,-0.817,-5.076,100822.0,863.62,326.51
2012-06-14 16:00:00,0.00000000,294.03,0.01065,-0.654,-4.956,100804.8,912.17,327.64
2012-06-14 17:00:00,0.00000000,294.66,0.01065,-0.489,-4.834,100783.1,900.14,328.72
2012-06-14 18:00:00,0.00000000,295.29,0.01065,-0.330,-4.715,100762.3,763.92,355.86
2012-06-14 19:00:00,0.00000000,295.32,0.01064,-0.019,-4.728,100730.1,693.72,356.28
2012-06-14 20:00:00,0.00000000,295.35,0.01066, 0.293,-4.733,100699.3,583.06,356.76
2012-06-14 21:00:00,0.00000000,295.37,0.01066, 0.591,-4.740,100666.2,442.88,364.46
2012-06-14 22:00:00,0.00000000,294.18,0.01059, 0.105,-4.106,100732.6,305.48,364.24
2012-06-14 23:00:00,0.00000000,293.00,0.01051,-0.392,-3.477,100795.5,172.16,364.00
2012-06-15 00:00:00,0.00000000,291.81,0.01044,-0.885,-2.844,100862.3, 24.46,316.23
2012-06-15 01:00:00,0.00000000,289.89,0.00919,-0.677,-3.165,100867.3,  0.00,315.01
2012-06-15 02:00:00,0.00000000,287.97,0.00797,-0.480,-3.491,100872.6,  0.00,313.78
2012-06-15 03:00:00,0.00000000,286.06,0.00679,-0.276,-3.813,100878.9,  0.00,279.04
2012-06-15 04:00:00,0.00000000,284.98,0.00642, 0.015,-3.754,100961.1,  0.00,277.94
2012-06-15 05:00:00,0.00000000,283.89,0.00607, 0.314,-3.689,101045.4,  0.00,276.79
2012-06-15 06:00:00,0.00000000,282.82,0.00573, 0.601,-3.633,101125.3,  0.00,271.33
2012-06-15 07:00:00,0.00000000,282.25,0.00554, 0.543,-3.617,101054.1,  0.00,270.56
2012-06-15 08:00:00,0.00000000,281.69,0.00535, 0.494,-3.600,100981.0,  0.00,269.86
2012-06-15 09:00:00,0.00000000,281.13,0.00517, 0.443,-3.582,100909.8,  1.73,275.42
2012-06-15 10:00:00,0.00000000,283.66,0.00631, 0.019,-3.308,100983.3,133.56,276.76
2012-06-15 11:00:00,0.00000000,286.22,0.00749,-0.400,-3.039,101057.0,271.61,278.16
2012-06-15 12:00:00,0.00000000,288.75,0.00871,-0.824,-2.768,101130.6,433.06,310.21
2012-06-15 13:00:00,0.00000000,290.45,0.00936,-1.342,-2.983,101145.2,604.59,311.44
2012-06-15 14:00:00,0.00000000,292.15,0.01002,-1.853,-3.192,101153.8,753.03,312.64
2012-06-15 15:00:00,0.00000000,293.85,0.01069,-2.368,-3.414,101163.5,819.73,348.98
2012-06-15 16:00:00,0.00000000,294.56,0.01091,-1.820,-3.205,101137.4,865.93,349.47
2012-06-15 17:00:00,0.00000000,295.26,0.01113,-1.280,-2.996,101109.0,854.70,349.99
2012-06-15 18:00:00,0.00000000,295.97,0.01135,-0.734,-2.786,101080.6,671.22,394.96
2012-06-15 19:00:00,0.00000000,296.07,0.01145,-1.456,-2.891,101027.7,609.79,394.99
2012-06-15 20:00:00,0.00000000,296.18,0.01155,-2.181,-2.978,100977.9,512.75,395.02
2012-06-15 21:00:00,0.00000000,296.28,0.01165,-2.900,-3.080,100922.6,372.41,392.74
2012-06-15 22:00:00,0.00000000,295.00,0.01156,-2.670,-2.337,100982.0,257.19,390.56
2012-06-15 23:00:00,0.00000000,293.73,0.01146,-2.446,-1.600,101041.2,145.28,388.32
2012-06-16 00:00:00,0.00000000,292.46,0.01135,-2.215,-0.858,101103.9, 21.18,338.25
2012-06-16 01:00:00,0.00000000,290.46,0.00977,-2.022,-1.081,101068.9,  0.00,335.36
2012-06-16 02:00:00,0.00000000,288.47,0.00829,-1.826,-1.308,101029.1,  0.00,332.45
2012-06-16 03:00:00,0.00000000,286.47,0.00690,-1.636,-1.538,100993.9,  0.00,289.38
2012-06-16 04:00:00,0.00000000,285.49,0.00662,-1.491,-1.457,101044.1,  0.00,288.10
2012-06-16 05:00:00,0.00000000,284.51,0.00635,-1.350,-1.385,101097.9,  0.00,286.85
2012-06-16 06:00:00,0.00000000,283.53,0.00608,-1.208,-1.304,101147.9,  0.00,285.54
2012-06-16 07:00:00,0.00000000,282.72,0.00589,-1.333,-1.323,101123.9,  0.00,284.61
2012-06-16 08:00:00,0.00000000,281.90,0.00570,-1.455,-1.335,101098.8,  0.00,283.68
2012-06-16 09:00:00,0.00000000,281.08,0.00552,-1.575,-1.343,101074.2,  1.60,293.72
2012-06-16 10:00:00,0.00000000,283.43,0.00659,-1.769,-1.421,101151.7,126.46,297.26
2012-06-16 11:00:00,0.00000000,285.79,0.00776,-1.956,-1.489,101227.7,257.28,300.79
2012-06-16 12:00:00,0.00000000,288.15,0.00902,-2.149,-1.567,101301.6,396.71,332.55
2012-06-16 13:00:00,0.00000000,289.54,0.00943,-2.273,-1.905,101269.4,553.94,334.69
2012-06-16 14:00:00,0.00000000,290.93,0.00985,-2.400,-2.245,101234.1,689.99,336.80
2012-06-16 15:00:00,0.00000000,292.31,0.01028,-2.524,-2.579,101198.2,763.04,349.93
2012-06-16 16:00:00,0.00000000,292.98,0.01042,-2.172,-2.042,101123.8,806.18,350.86
2012-06-16 17:00:00,0.00000000,293.65,0.01056,-1.827,-1.508,101050.3,795.89,351.81
2012-06-16 18:00:00,0.00000000,294.32,0.01070,-1.483,-0.968,100978.0,672.26,387.97
2012-06-16 19:00:00,0.00000000,294.54,0.01102,-1.349, 0.052,100960.5,610.78,388.16
2012-06-16 20:00:00,0.00000000,294.76,0.01134,-1.218, 1.067,100942.3,513.74,388.39
2012-06-16 21:00:00,0.00000000,294.99,0.01166,-1.088, 2.084,100919.9,389.29,389.68
2012-06-16 22:00:00,0.00000000,293.77,0.01165,-0.902, 2.220,100910.0,269.06,387.84
2012-06-16 23:00:00,0.00000000,292.55,0.01162,-0.712, 2.350,100900.4,152.33,385.98
2012-06-17 00:00:00,0.00000000,291.34,0.01160,-0.520, 2.482,100888.0, 22.80,354.17
2012-06-17 01:00:00,0.00000000,289.37,0.01043,-0.572, 2.442,100840.7,  0.00,351.71
2012-06-17 02:00:00,0.00000000,287.41,0.00932,-0.635, 2.404,100799.2,  0.00,349.23
2012-06-17 03:00:00,0.00000000,285.45,0.00825,-0.685, 2.359,100754.8,  0.00,323.55
2012-06-17 04:00:00,0.00000000,284.55,0.00788,-0.101, 2.265,100793.7,  0.00,322.44
2012-06-17 05:00:00,0.00000000,283.65,0.00751, 0.479, 2.166,100834.6,  0.00,321.29
2012-06-17 06:00:00,0.00000000,282.74,0.00716, 1.062, 2.077,100874.4,  0.00,305.29
2012-06-17 07:00:00,0.00000000,282.03,0.00683, 0.877, 2.120,100788.3,  0.00,304.47
2012-06-17 08:00:00,0.00000000,281.31,0.00651, 0.700, 2.162,100701.6,  0.00,303.64
2012-06-17 09:00:00,0.00000000,280.59,0.00620, 0.520, 2.207,100621.7,  1.47,298.55
2012-06-17 10:00:00,0.00000000,282.64,0.00697, 0.816, 2.186,100714.8,124.60,301.11
2012-06-17 11:00:00,0.00000000,284.70,0.00778, 1.101, 2.171,100816.1,253.65,303.63
2012-06-17 12:00:00,0.00000000,286.75,0.00865, 1.396, 2.145,100914.8,436.33,303.49
2012-06-17 13:00:00,0.00000000,288.43,0.00909, 1.353, 2.417,100835.4,609.28,305.66
2012-06-17 14:00:00,0.00000000,290.10,0.00955, 1.311, 2.690,100758.0,759.13,307.77
2012-06-17 15:00:00,0.00000000,291.77,0.01002, 1.273, 2.959,100677.0,867.11,325.98
2012-06-17 16:00:00,0.00000000,292.48,0.01049, 0.594, 3.517,100621.8,916.31,326.77
2012-06-17 17:00:00,0.00000000,293.19,0.01096,-0.087, 4.077,100564.5,904.72,327.50
2012-06-17 18:00:00,0.00000000,293.90,0.01144,-0.763, 4.636,100513.7,837.87,337.84
2012-06-17 19:00:00,0.00000000,293.71,0.01153,-0.587, 4.978,100449.1,761.57,337.71
2012-06-17 20:00:00,0.00000000,293.52,0.01162,-0.418, 5.329,100386.3,640.70,337.53
2012-06-17 21:00:00,0.00000000,293.33,0.01172,-0.244, 5.678,100322.1,503.23,319.86
2012-06-17 22:00:00,0.00000000,292.01,0.01126,-0.325, 5.098,100384.8,348.12,319.92
2012-06-17 23:00:00,0.00000000,290.69,0.01080,-0.395, 4.517,100448.3,197.50,320.02
2012-06-18 00:00:00,0.00000000,289.37,0.01034,-0.476, 3.934,100515.9, 20.95,293.74
2012-06-18 01:00:00,0.00000000,287.63,0.00942,-0.338, 3.684,100477.5,  0.00,293.92
2012-06-18 02:00:00,0.00000000,285.89,0.00849,-0.199, 3.421,100440.5,  0.00,294.10
2012-06-18 03:00:00,0.00000000,284.15,0.00756,-0.061, 3.168,100399.8,  0.00,277.82
2012-06-18 04:00:00,0.00000000,283.38,0.00723,-0.021, 2.995,100430.6,  0.00,277.93
2012-06-18 05:00:00,0.00000000,282.61,0.00690, 0.015, 2.818,100460.8,  0.00,277.99
2012-06-18 06:00:00,0.00000000,281.84,0.00657, 0.058, 2.645,100491.8,  0.00,270.04
2012-06-18 07:00:00,0.00000000,281.37,0.00640,-0.495, 2.607,100450.4,  0.00,270.09
2012-06-18 08:00:00,0.00000000,280.89,0.00623,-1.045, 2.576,100413.1,  0.00,270.13
2012-06-18 09:00:00,0.00000000,280.42,0.00605,-1.598, 2.536,100374.3,  1.38,275.27
2012-06-18 10:00:00,0.00000000,282.57,0.00704,-1.129, 2.491,100457.3,132.69,275.46
2012-06-18 11:00:00,0.00000000,284.73,0.00802,-0.666, 2.444,100534.2,270.35,275.65
2012-06-18 12:00:00,0.00000000,286.89,0.00901,-0.200, 2.403,100613.0,446.13,290.11
2012-06-18 13:00:00,0.00000000,288.25,0.00937, 0.050, 2.932,100562.9,623.12,290.10
2012-06-18 14:00:00,0.00000000,289.60,0.00973, 0.296, 3.460,100512.1,776.49,290.16
2012-06-18 15:00:00,0.00000000,290.95,0.01008, 0.544, 3.991,100458.3,881.79,312.87
2012-06-18 16:00:00,0.00000000,291.70,0.01058, 0.403, 4.104,100433.8,931.94,312.84
2012-06-18 17:00:00,0.00000000,292.46,0.01108, 0.268, 4.221,100401.6,920.32,312.76
2012-06-18 18:00:00,0.00000000,293.21,0.01157, 0.130, 4.335,100371.9,868.20,325.98
2012-06-18 19:00:00,0.00000000,293.48,0.01180, 0.278, 4.331,100323.2,789.26,326.02
2012-06-18 20:00:00,0.00000000,293.75,0.01202, 0.425, 4.322,100272.0,664.29,326.00
2012-06-18 21:00:00,0.00000000,294.02,0.01225, 0.565, 4.309,100222.6,504.21,328.15
2012-06-18 22:00:00,0.00000000,293.03,0.01214, 0.443, 4.277,100278.6,349.14,328.14
2012-06-18 23:00:00,0.00000000,292.04,0.01204, 0.325, 4.242,100336.2,198.46,328.21
2012-06-19 00:00:00,0.00000000,291.05,0.01194, 0.195, 4.208,100394.9, 22.92,300.04
2012-06-19 01:00:00,0.00000000,289.18,0.01079, 0.476, 3.811,100366.0,  0.00,300.10
2012-06-19 02:00:00,0.00000000,287.30,0.00963, 0.750, 3.405,100335.1,  0.00,300.13
2012-06-19 03:00:00,0.00000000,285.43,0.00848, 1.029, 3.006,100307.3,  0.00,284.42
2012-06-19 04:00:00,0.00000000,284.97,0.00829, 0.925, 3.033,100359.5,  0.00,285.08
2012-06-19 05:00:00,0.00000000,284.50,0.00810, 0.810, 3.064,100412.7,  0.00,285.73
2012-06-19 06:00:00,0.00000000,284.05,0.00790, 0.705, 3.085,100466.2,  0.00,285.21
2012-06-19 07:00:00,0.00000000,284.05,0.00784, 0.507, 3.029,100411.2,  0.00,285.97
2012-06-19 08:00:00,0.00000000,284.07,0.00778, 0.309, 2.973,100354.3,  0.00,286.75
2012-06-19 09:00:00,0.00000000,284.08,0.00772, 0.102, 2.909,100299.6,  1.12,296.11
2012-06-19 10:00:00,0.00000000,285.99,0.00880, 0.363, 2.779,100335.2,131.88,295.20
2012-06-19 11:00:00,0.00000000,287.89,0.00985, 0.624, 2.656,100373.6,269.02,294.34
2012-06-19 12:00:00,0.00000000,289.80,0.01087, 0.890, 2.535,100412.4,436.91,323.19
2012-06-19 13:00:00,0.00000000,291.44,0.01178, 1.006, 3.157,100360.5,610.44,322.27
2012-06-19 14:00:00,0.00000000,293.09,0.01268, 1.129, 3.776,100306.4,760.86,321.40
2012-06-19 15:00:00,0.00000000,294.73,0.01355, 1.243, 4.398,100256.0,842.07,350.65
2012-06-19 16:00:00,0.00000000,295.58,0.01412, 1.151, 4.775,100181.5,890.11,351.04
2012-06-19 17:00:00,0.00000000,296.43,0.01468, 1.062, 5.159,100106.0,879.12,351.41
2012-06-19 18:00:00,0.00000000,297.28,0.01525, 0.974, 5.543,100032.3,823.51,368.71
2012-06-19 19:00:00,0.00000000,297.65,0.01573, 1.018, 5.838,100026.6,748.80,369.69
2012-06-19 20:00:00,0.00000000,298.02,0.01621, 1.069, 6.125,100018.1,630.36,370.73
2012-06-19 21:00:00,0.00000000,298.39,0.01670, 1.117, 6.418,100013.3,422.82,390.52
2012-06-19 22:00:00,0.00000000,296.99,0.01595, 0.880, 5.575, 99985.1,292.90,388.41
2012-06-19 23:00:00,0.00000000,295.58,0.01522, 0.646, 4.733, 99961.3,166.74,386.26
2012-06-20 00:00:00,0.00000000,294.17,0.01451, 0.410, 3.891, 99933.2, 17.10,377.10
2012-06-20 01:00:00,0.00000000,291.88,0.01280, 0.473, 3.496, 99876.5,  0.00,371.77
2012-06-20 02:00:00,0.00000000,289.59,0.01122, 0.531, 3.089, 99815.1,  0.00,366.42
2012-06-20 03:00:00,0.00000000,287.30,0.00979, 0.594, 2.699, 99756.5,  0.00,329.42
2012-06-20 04:00:00,0.00000000,287.20,0.00976, 0.980, 2.424, 99808.4,  0.00,329.72
2012-06-20 05:00:00,0.00000000,287.09,0.00971, 1.363, 2.151, 99856.5,  0.00,329.90
2012-06-20 06:00:00,0.00000000,286.98,0.00968, 1.754, 1.878, 99908.9,  0.00,333.74
2012-06-20 07:00:00,0.00000000,287.32,0.00973, 1.945, 1.541, 99900.4,  0.00,334.26
2012-06-20 08:00:00,0.00000000,287.65,0.00977, 2.146, 1.206, 99892.3,  0.00,334.75
2012-06-20 09:00:00,0.00000000,287.99,0.00981, 2.342, 0.869, 99877.8,  0.59,370.57
2012-06-20 10:00:00,0.00000000,290.29,0.01133, 2.169, 0.722, 99860.5, 99.35,372.29
2012-06-20 11:00:00,0.00000000,292.58,0.01289, 1.989, 0.575, 99843.5,202.96,373.95
2012-06-20 12:00:00,0.00000000,294.88,0.01450, 1.816, 0.424, 99825.4,395.91,396.62
2012-06-20 13:00:00,0.00000000,296.92,0.01562, 2.240, 0.001, 99739.9,553.38,397.95
2012-06-20 14:00:00,0.00000000,298.97,0.01677, 2.671,-0.422, 99661.4,689.84,399.26
2012-06-20 15:00:00,0.00000000,301.01,0.01795, 3.096,-0.853, 99577.0,740.59,413.42
2012-06-20 16:00:00,0.00000000,301.29,0.01785, 3.348,-1.119, 99575.0,783.10,414.16
2012-06-20 17:00:00,0.00000000,301.57,0.01776, 3.593,-1.379, 99571.1,773.54,414.96
2012-06-20 18:00:00,0.00000000,301.84,0.01765, 3.845,-1.642, 99564.3,564.71,442.30
2012-06-20 19:00:00,0.00000000,302.15,0.01812, 3.694,-1.373, 99564.0,513.63,443.17
2012-06-20 20:00:00,0.00000000,302.46,0.01860, 3.546,-1.115, 99564.4,432.48,444.02
2012-06-20 21:00:00,0.00000000,302.76,0.01908, 3.391,-0.836, 99565.2,329.17,443.89
2012-06-20 22:00:00,0.00000000,301.38,0.01845, 3.084,-0.854, 99520.5,228.16,440.58
2012-06-20 23:00:00,0.00000000,300.00,0.01784, 2.772,-0.861, 99472.5,130.12,437.26
2012-06-21 00:00:00,0.00000000,298.62,0.01724, 2.457,-0.877, 99426.6, 26.89,399.55
2012-06-21 01:00:00,0.00000000,296.89,0.01519, 2.473,-0.824, 99424.4,  0.00,395.13
2012-06-21 02:00:00,0.00000000,295.16,0.01328, 2.484,-0.779, 99426.9,  0.00,390.71
2012-06-21 03:00:00,0.00000000,293.43,0.01152, 2.495,-0.731, 99429.7,  0.00,362.28
2012-06-21 04:00:00,0.00000000,292.50,0.01104, 2.495,-0.634, 99438.5,  0.00,360.26
2012-06-21 05:00:00,0.00000000,291.57,0.01057, 2.487,-0.534, 99440.8,  0.00,358.17
2012-06-21 06:00:00,0.00000000,290.65,0.01011, 2.474,-0.431, 99449.2,  0.00,361.93
2012-06-21 07:00:00,0.00000000,290.47,0.01014, 1.389,-0.955, 99432.8,  0.00,361.74
2012-06-21 08:00:00,0.00000000,290.29,0.01015, 0.293,-1.481, 99417.1,  0.00,361.52
2012-06-21 09:00:00,0.00000000,290.11,0.01017,-0.789,-1.995, 99395.9,  0.31,362.03
2012-06-21 10:00:00,0.00000000,291.33,0.01111,-0.932,-1.745, 99415.7, 96.86,365.14
2012-06-21 11:00:00,0.00000000,292.55,0.01211,-1.072,-1.487, 99441.5,198.24,368.25
2012-06-21 12:00:00,0.00000000,293.77,0.01316,-1.212,-1.229, 99463.2,400.18,378.20
2012-06-21 13:00:00,0.00000000,295.55,0.01440,-1.224,-1.524, 99421.2,559.56,382.60
2012-06-21 14:00:00,0.00000000,297.34,0.01572,-1.243,-1.808, 99378.2,697.73,386.99
2012-06-21 15:00:00,0.00000000,299.12,0.01712,-1.254,-2.100, 99332.4,709.30,408.09
2012-06-21 16:00:00,0.00000000,300.02,0.01796,-1.052,-1.180, 99304.0,750.09,410.34
2012-06-21 17:00:00,0.00000000,300.93,0.01884,-0.845,-0.255, 99268.2,741.30,412.65
2012-06-21 18:00:00,0.00000000,301.84,0.01974,-0.644, 0.665, 99238.7,689.01,430.98
2012-06-21 19:00:00,0.00000000,302.57,0.02082,-0.423, 1.316, 99205.6,626.73,432.92
2012-06-21 20:00:00,0.00000000,303.31,0.02195,-0.194, 1.961, 99172.9,527.91,434.90
2012-06-21 21:00:00,0.00000000,304.05,0.02310, 0.026, 2.611, 99144.9,387.40,444.82
2012-06-21 22:00:00,0.00000000,302.73,0.02238,-0.166, 2.428, 99121.7,268.73,441.67
2012-06-21 23:00:00,0.00000000,301.41,0.02166,-0.345, 2.244, 99091.3,153.38,438.45
2012-06-22 00:00:00,0.00000000,300.09,0.02097,-0.537, 2.060, 99066.8, 17.06,429.44
2012-06-22 01:00:00,0.00000000,298.32,0.01894,-0.684, 2.088, 99049.1,  0.00,425.15
2012-06-22 02:00:00,0.00000000,296.56,0.01702,-0.833, 2.119, 99033.4,  0.00,420.83
2012-06-22 03:00:00,0.00000000,294.79,0.01523,-0.978, 2.150, 99013.8,  0.00,397.25
2012-06-22 04:00:00,0.00000000,293.62,0.01437,-0.821, 2.099, 99064.3,  0.00,394.48
2012-06-22 05:00:00,0.00000000,292.44,0.01352,-0.669, 2.049, 99111.4,  0.00,391.70
2012-06-22 06:00:00,0.00000000,291.28,0.01273,-0.514, 1.990, 99155.9,  0.00,380.54
2012-06-22 07:00:00,0.00000000,290.87,0.01236,-0.312, 1.944, 99164.2,  0.00,379.67
2012-06-22 08:00:00,0.00000000,290.46,0.01199,-0.101, 1.899, 99165.6,  0.00,378.70
2012-06-22 09:00:00,0.00000000,290.06,0.01163, 0.107, 1.853, 99172.1,  0.12,382.62
2012-06-22 10:00:00,0.00000000,291.50,0.01258, 0.020, 1.578, 99133.5, 90.17,385.86
2012-06-22 11:00:00,0.00000000,292.94,0.01358,-0.072, 1.303, 99094.4,184.90,389.06
2012-06-22 12:00:00,0.00000000,294.38,0.01464,-0.155, 1.023, 99057.2,406.91,388.45
2012-06-22 13:00:00,0.00000000,296.73,0.01626,-0.365, 1.370, 99055.3,569.23,393.55
2012-06-22 14:00:00,0.00000000,299.08,0.01800,-0.578, 1.710, 99047.5,709.95,398.67
2012-06-22 15:00:00,0.00000000,301.43,0.01985,-0.788, 2.058, 99048.6,731.30,417.74
2012-06-22 16:00:00,0.00000000,301.77,0.01952,-0.124, 2.286, 99053.8,773.44,418.17
2012-06-22 17:00:00,0.00000000,302.12,0.01918, 0.543, 2.519, 99057.1,764.38,418.61
2012-06-22 18:00:00,0.00000000,302.46,0.01885, 1.210, 2.745, 99064.5,605.85,427.51
2012-06-22 19:00:00,0.00001407,302.08,0.01840, 1.180, 2.694, 99053.3,551.18,426.53
2012-06-22 20:00:00,0.00026429,301.69,0.01795, 1.148, 2.646, 99041.8,464.25,425.53
2012-06-22 21:00:00,0.00014637,301.31,0.01752, 1.121, 2.593, 99033.5,337.35,423.10
2012-06-22 22:00:00,0.00000000,300.03,0.01728, 0.750, 2.276, 99094.1,234.07,420.87
2012-06-22 23:00:00,0.00000000,298.76,0.01703, 0.373, 1.957, 99154.9,133.81,418.62
2012-06-23 00:00:00,0.00000000,297.48,0.01678, 0.003, 1.649, 99216.2, 15.86,416.54
2012-06-23 01:00:00,0.00000000,296.28,0.01570, 0.133, 1.140, 99208.7,  0.00,414.78
2012-06-23 02:00:00,0.00000000,295.08,0.01466, 0.261, 0.637, 99204.1,  0.00,412.96
2012-06-23 03:00:00,0.00000000,293.87,0.01364, 0.389, 0.135, 99199.1,  0.00,400.08
2012-06-23 04:00:00,0.00000000,293.03,0.01304, 0.381,-0.594, 99250.5,  0.00,398.77
2012-06-23 05:00:00,0.00000000,292.19,0.01247, 0.374,-1.312, 99298.2,  0.00,397.56
2012-06-23 06:00:00,0.00000000,291.34,0.01190, 0.366,-2.037, 99348.6,  0.00,376.35
2012-06-23 07:00:00,0.00000000,290.76,0.01151, 0.249,-2.046, 99314.5,  0.00,375.57
2012-06-23 08:00:00,0.00000000,290.18,0.01114, 0.137,-2.064, 99279.7,  0.00,374.84
2012-06-23 09:00:00,0.00000000,289.60,0.01076, 0.027,-2.072, 99244.4,  0.00,371.84
2012-06-23 10:00:00,0.00000000,290.78,0.01135,-0.234,-2.204, 99302.4, 76.89,374.52
2012-06-23 11:00:00,0.00000000,291.96,0.01195,-0.495,-2.335, 99357.1,158.06,377.19
2012-06-23 12:00:00,0.00000000,293.15,0.01257,-0.754,-2.469, 99409.8,337.42,378.04
2012-06-23 13:00:00,0.00000000,295.30,0.01372,-0.749,-2.464, 99392.4,472.14,384.03
2012-06-23 14:00:00,0.00000000,297.45,0.01495,-0.745,-2.468, 99373.8,589.10,390.03
2012-06-23 15:00:00,0.00000000,299.61,0.01626,-0.732,-2.467, 99361.1,659.46,404.73
2012-06-23 16:00:00,0.00000000,299.67,0.01591,-1.066,-1.965, 99362.8,697.62,404.53
2012-06-23 17:00:00,0.00000000,299.73,0.01557,-1.400,-1.465, 99366.0,689.44,404.28
2012-06-23 18:00:00,0.00000000,299.79,0.01524,-1.726,-0.967, 99371.2,573.36,402.93
2012-06-23 19:00:00,0.00010300,299.45,0.01488,-0.652, 0.065, 99403.1,521.72,402.38
2012-06-23 20:00:00,0.00209527,299.11,0.01451, 0.426, 1.102, 99436.3,439.61,401.78
2012-06-23 21:00:00,0.00017816,298.78,0.01416, 1.506, 2.130, 99461.4,246.12,407.90
2012-06-23 22:00:00,0.00203842,297.60,0.01377, 1.435, 0.483, 99510.1,170.89,407.07
2012-06-23 23:00:00,0.00092798,296.44,0.01339, 1.368,-1.174, 99555.8, 97.76,406.23
2012-06-24 00:00:00,0.00023379,295.26,0.01301, 1.301,-2.823, 99602.5, 16.38,369.64
2012-06-24 01:00:00,0.00000032,293.85,0.01229, 1.048,-3.030, 99578.5,  0.00,368.63
2012-06-24 02:00:00,0.00000000,292.44,0.01158, 0.791,-3.229, 99554.7,  0.00,367.60
2012-06-24 03:00:00,0.00000000,291.03,0.01088, 0.539,-3.431, 99529.3,  0.00,375.68
2012-06-24 04:00:00,0.00000000,290.09,0.01068, 1.502,-3.152, 99618.2,  0.00,374.91
2012-06-24 05:00:00,0.00000000,289.16,0.01048, 2.476,-2.872, 99705.4,  0.00,374.15
2012-06-24 06:00:00,0.00024204,288.22,0.01027, 3.437,-2.593, 99791.7,  0.00,379.36
2012-06-24 07:00:00,0.00020482,288.18,0.01022, 3.304,-2.517, 99716.1,  0.00,379.15
2012-06-24 08:00:00,0.00020648,288.13,0.01016, 3.174,-2.444, 99641.9,  0.00,378.91
2012-06-24 09:00:00,0.00004163,288.09,0.01010, 3.042,-2.361, 99568.4,  0.00,371.51
2012-06-24 10:00:00,0.00000000,288.90,0.01044, 3.064,-2.266, 99628.3, 77.66,371.42
2012-06-24 11:00:00,0.00000000,289.71,0.01078, 3.085,-2.166, 99682.9,160.08,371.34
2012-06-24 12:00:00,0.00000000,290.53,0.01111, 3.107,-2.065, 99742.1,419.85,337.68
2012-06-24 13:00:00,0.00000000,292.11,0.01170, 2.787,-2.683, 99661.3,587.88,337.55
2012-06-24 14:00:00,0.00000000,293.69,0.01229, 2.460,-3.293, 99575.3,733.72,337.50
2012-06-24 15:00:00,0.00000000,295.27,0.01287, 2.144,-3.912, 99496.9,751.92,382.19
2012-06-24 16:00:00,0.00000000,295.66,0.01246, 2.590,-3.853, 99496.6,795.60,381.61
2012-06-24 17:00:00,0.00000000,296.05,0.01206, 3.042,-3.794, 99493.7,786.48,381.06
2012-06-24 18:00:00,0.00000000,296.44,0.01167, 3.492,-3.731, 99490.2,838.53,354.49
2012-06-24 19:00:00,0.00000000,296.53,0.01162, 3.218,-2.822, 99432.3,763.20,353.84
2012-06-24 20:00:00,0.00000000,296.62,0.01159, 2.941,-1.900, 99363.2,643.28,353.22
2012-06-24 21:00:00,0.00000000,296.71,0.01155, 2.669,-0.992, 99303.8,459.61,360.52
2012-06-24 22:00:00,0.00000000,295.65,0.01161, 2.372,-0.225, 99406.3,319.24,360.02
2012-06-24 23:00:00,0.00000000,294.59,0.01168, 2.080, 0.541, 99508.2,182.75,359.57
2012-06-25 00:00:00,0.00000000,293.53,0.01175, 1.780, 1.304, 99609.6, 27.13,354.52
2012-06-25 01:00:00,0.00000000,292.55,0.01091, 1.576, 1.366, 99559.0,  0.00,354.44
2012-06-25 02:00:00,0.00000000,291.57,0.01007, 1.378, 1.432, 99512.3,  0.00,354.33
2012-06-25 03:00:00,0.00000000,290.59,0.00924, 1.175, 1.500, 99462.4,  0.00,345.56
2012-06-25 04:00:00,0.00000000,290.09,0.00910, 0.772, 1.675, 99450.2,  0.00,345.43
2012-06-25 05:00:00,0.00000000,289.59,0.00896, 0.375, 1.855, 99441.7,  0.00,345.30
2012-06-25 06:00:00,0.00000000,289.09,0.00882,-0.033, 2.026, 99429.4,  0.00,337.36
2012-06-25 07:00:00,0.00000000,288.62,0.00882,-0.679, 2.066, 99363.5,  0.00,337.76
2012-06-25 08:00:00,0.00000000,288.14,0.00881,-1.332, 2.107, 99297.8,  0.00,338.10
2012-06-25 09:00:00,0.00000000,287.67,0.00881,-1.983, 2.157, 99231.2,  0.00,356.27
2012-06-25 10:00:00,0.00000653,288.92,0.00974,-1.913, 1.976, 99202.6, 87.53,356.53
2012-06-25 11:00:00,0.00008826,290.18,0.01068,-1.844, 1.795, 99177.7,180.89,356.79
2012-06-25 12:00:00,0.00001373,291.44,0.01162,-1.771, 1.619, 99146.6,210.41,387.88
2012-06-25 13:00:00,0.00000000,292.09,0.01196,-1.275, 2.258, 99143.2,294.77,387.26
2012-06-25 14:00:00,0.00000000,292.74,0.01230,-0.777, 2.910, 99136.6,368.06,386.67
2012-06-25 15:00:00,0.00005461,293.39,0.01263,-0.281, 3.558, 99133.1,534.83,383.42
2012-06-25 16:00:00,0.00015083,293.30,0.01223,-0.836, 4.166, 99092.1,566.02,382.50
2012-06-25 17:00:00,0.00107119,293.22,0.01183,-1.391, 4.778, 99055.3,559.63,381.59
2012-06-25 18:00:00,0.00062364,293.14,0.01145,-1.947, 5.380, 99016.0,437.77,387.62
2012-06-25 19:00:00,0.00097763,292.86,0.01132,-1.597, 5.383, 98965.8,398.50,387.14
2012-06-25 20:00:00,0.00033837,292.58,0.01119,-1.242, 5.385, 98923.8,335.83,386.63
2012-06-25 21:00:00,0.00043626,292.30,0.01106,-0.896, 5.384, 98877.4,272.40,383.79
2012-06-25 22:00:00,0.00000034,291.64,0.01105,-1.146, 4.576, 98915.2,189.24,384.92
2012-06-25 23:00:00,0.00000000,290.99,0.01103,-1.395, 3.773, 98953.3,108.43,385.99
2012-06-26 00:00:00,0.00000000,290.33,0.01102,-1.640, 2.967, 98991.7, 10.57,369.74
2012-06-26 01:00:00,0.00000000,289.54,0.01082,-1.730, 2.503, 98969.9,  0.00,372.56
2012-06-26 02:00:00,0.00000000,288.75,0.01059,-1.821, 2.047, 98945.3,  0.00,375.41
2012-06-26 03:00:00,0.00002893,287.96,0.01034,-1.903, 1.587, 98922.7,  0.00,373.97
2012-06-26 04:00:00,0.00000000,287.87,0.01039,-1.688, 0.827, 98960.4,  0.00,374.43
2012-06-26 05:00:00,0.00000000,287.77,0.01043,-1.472, 0.069, 98996.6,  0.00,374.83
2012-06-26 06:00:00,0.00000000,287.68,0.01046,-1.251,-0.689, 99033.2,  0.00,366.87
2012-06-26 07:00:00,0.00000000,287.71,0.01040,-1.293,-1.046, 98933.6,  0.00,366.69
2012-06-26 08:00:00,0.00000001,287.76,0.01035,-1.335,-1.413, 98838.9,  0.00,366.53
2012-06-26 09:00:00,0.00001445,287.79,0.01029,-1.378,-1.784, 98739.1,  0.00,375.43
2012-06-26 10:00:00,0.00003566,288.37,0.01061,-1.833,-2.229, 98733.7, 57.66,374.63
2012-06-26 11:00:00,0.00066243,288.95,0.01092,-2.288,-2.668, 98726.9,119.58,373.86
2012-06-26 12:00:00,0.00025176,289.52,0.01122,-2.738,-3.113, 98717.6,222.52,377.23
2012-06-26 13:00:00,0.00018673,290.12,0.01152,-2.432,-3.551, 98664.2,311.86,378.24
2012-06-26 14:00:00,0.00010365,290.72,0.01183,-2.129,-3.991, 98610.7,389.53,379.28
2012-06-26 15:00:00,0.00007555,291.32,0.01213,-1.823,-4.431, 98556.5,431.50,372.72
2012-06-26 16:00:00,0.00211979,291.03,0.01196,-0.793,-4.533, 98519.5,456.82,372.61
2012-06-26 17:00:00,0.00053801,290.73,0.01179, 0.230,-4.638, 98477.3,451.81,372.52
2012-06-26 18:00:00,0.00012354,290.44,0.01162, 1.259,-4.734, 98441.0,407.18,379.63
2012-06-26 19:00:00,0.00014370,289.73,0.01105, 1.995,-3.730, 98444.4,370.74,379.39
2012-06-26 20:00:00,0.00030869,289.02,0.01048, 2.724,-2.726, 98452.1,312.58,379.11
2012-06-26 21:00:00,0.00043199,288.32,0.00992, 3.461,-1.715, 98460.8,212.97,375.39
2012-06-26 22:00:00,0.00011100,288.35,0.01010, 3.313,-1.269, 98437.9,147.99,375.34
2012-06-26 23:00:00,0.00049358,288.37,0.01027, 3.163,-0.810, 98414.4, 84.84,375.26
2012-06-27 00:00:00,0.00026926,288.40,0.01045, 3.019,-0.361, 98392.6,  9.73,372.86
2012-06-27 01:00:00,0.00046881,287.93,0.01027, 2.795, 0.390, 98341.0,  0.00,372.45
2012-06-27 02:00:00,0.00004259,287.47,0.01009, 2.582, 1.127, 98284.9,  0.00,371.96
2012-06-27 03:00:00,0.00004507,287.00,0.00992, 2.361, 1.876, 98233.3,  0.00,374.29
2012-06-27 04:00:00,0.00031056,287.14,0.01001, 2.880, 2.350, 98225.9,  0.00,374.34
2012-06-27 05:00:00,0.00070568,287.29,0.01011, 3.398, 2.835, 98221.8,  0.00,374.43
2012-06-27 06:00:00,0.00065516,287.44,0.01020, 3.925, 3.301, 98217.6,  0.00,371.61
2012-06-27 07:00:00,0.00073364,287.41,0.01013, 3.253, 3.214, 98189.7,  0.00,371.40
2012-06-27 08:00:00,0.00024899,287.39,0.01006, 2.577, 3.109, 98170.1,  0.00,371.20
2012-06-27 09:00:00,0.00039240,287.37,0.00999, 1.911, 3.009, 98140.8,  0.00,367.33
2012-06-27 10:00:00,0.00023084,287.89,0.01022, 2.130, 2.777, 98173.7, 65.02,367.91
2012-06-27 11:00:00,0.00000000,288.42,0.01045, 2.348, 2.542, 98207.9,135.31,368.46
2012-06-27 12:00:00,0.00000000,288.94,0.01068, 2.573, 2.309, 98240.6,147.46,378.67
2012-06-27 13:00:00,0.00000000,289.87,0.01119, 2.287, 2.524, 98225.1,206.81,380.42
2012-06-27 14:00:00,0.00000000,290.81,0.01172, 2.009, 2.734, 98212.2,258.43,382.22
2012-06-27 15:00:00,0.00000000,291.74,0.01226, 1.722, 2.950, 98199.1,438.76,379.82
2012-06-27 16:00:00,0.00005818,291.96,0.01219, 2.417, 2.455, 98294.9,464.50,380.56
2012-06-27 17:00:00,0.00000000,292.19,0.01211, 3.108, 1.969, 98394.1,459.30,381.31
2012-06-27 18:00:00,0.00012369,292.42,0.01202, 3.794, 1.479, 98490.5,485.76,377.37
2012-06-27 19:00:00,0.00004619,293.05,0.01211, 3.877, 1.232, 98524.4,442.27,379.10
2012-06-27 20:00:00,0.00012522,293.67,0.01219, 3.953, 0.981, 98561.6,372.89,380.80
2012-06-27 21:00:00,0.00005248,294.29,0.01227, 4.029, 0.737, 98594.9,291.38,380.35
2012-06-27 22:00:00,0.00000000,293.39,0.01206, 3.515, 0.497, 98630.5,202.56,378.73
2012-06-27 23:00:00,0.00000000,292.50,0.01185, 2.996, 0.262, 98670.4,116.05,377.14
2012-06-28 00:00:00,0.00000000,291.60,0.01165, 2.477, 0.029, 98709.8, 16.97,383.11
2012-06-28 01:00:00,0.00000000,290.42,0.01099, 2.595, 0.047, 98721.8,  0.00,379.89
2012-06-28 02:00:00,0.00000000,289.25,0.01035, 2.712, 0.066, 98743.4,  0.00,376.61
2012-06-28 03:00:00,0.00000000,288.07,0.00975, 2.830, 0.084, 98756.2,  0.00,360.15
2012-06-28 04:00:00,0.00000000,287.59,0.00952, 2.808, 0.199, 98804.0,  0.00,359.32
2012-06-28 05:00:00,0.00000000,287.09,0.00930, 2.788, 0.316, 98852.3,  0.00,358.45
2012-06-28 06:00:00,0.00000000,286.61,0.00908, 2.763, 0.429, 98901.1,  0.00,354.47
2012-06-28 07:00:00,0.00000000,286.45,0.00898, 2.612, 0.393, 98864.6,  0.00,354.20
2012-06-28 08:00:00,0.00000000,286.30,0.00889, 2.467, 0.355, 98830.9,  0.00,353.94
2012-06-28 09:00:00,0.00000000,286.14,0.00880, 2.320, 0.320, 98795.7,  0.00,359.59
2012-06-28 10:00:00,0.00000000,287.02,0.00933, 2.346, 0.469, 98836.6, 53.99,360.43
2012-06-28 11:00:00,0.00000000,287.90,0.00986, 2.364, 0.619, 98876.2,112.82,361.25
2012-06-28 12:00:00,0.00000000,288.78,0.01041, 2.393, 0.767, 98919.9,265.55,372.98
2012-06-28 13:00:00,0.00000000,290.67,0.01106, 2.761, 0.009, 98924.1,372.69,375.68
2012-06-28 14:00:00,0.00000000,292.56,0.01175, 3.131,-0.756, 98932.5,465.90,378.37
2012-06-28 15:00:00,0.00000000,294.45,0.01246, 3.505,-1.518, 98940.5,690.85,369.46
2012-06-28 16:00:00,0.00001171,295.11,0.01227, 3.693,-1.619, 98952.4,731.55,370.83
2012-06-28 17:00:00,0.00000000,295.77,0.01207, 3.882,-1.726, 98960.0,723.70,372.19
2012-06-28 18:00:00,0.00000000,296.42,0.01186, 4.071,-1.825, 98973.6,743.68,378.77
2012-06-28 19:00:00,0.00000000,297.07,0.01230, 4.114,-1.676, 98994.8,677.37,380.34
2012-06-28 20:00:00,0.00000000,297.72,0.01274, 4.153,-1.526, 99015.2,571.26,381.85
2012-06-28 21:00:00,0.00000000,298.36,0.01320, 4.193,-1.372, 99030.7,482.91,358.54
2012-06-28 22:00:00,0.00000000,296.53,0.01270, 3.796,-0.802, 98991.8,335.61,355.26
2012-06-28 23:00:00,0.00000000,294.69,0.01223, 3.397,-0.230, 98953.9,192.40,351.98
2012-06-29 00:00:00,0.00000000,292.85,0.01175, 3.005, 0.335, 98911.2, 23.09,343.81
2012-06-29 01:00:00,0.00000000,291.43,0.01080, 2.941, 0.784, 98968.5,  0.00,340.79
2012-06-29 02:00:00,0.00000000,290.00,0.00990, 2.886, 1.230, 99023.2,  0.00,337.72
2012-06-29 03:00:00,0.00000000,288.57,0.00905, 2.820, 1.674, 99078.8,  0.00,323.45
2012-06-29 04:00:00,0.00000000,287.74,0.00866, 3.022, 1.405, 99041.9,  0.00,321.73
2012-06-29 05:00:00,0.00000000,286.90,0.00827, 3.215, 1.134, 99007.1,  0.00,320.02
2012-06-29 06:00:00,0.00000000,286.07,0.00791, 3.415, 0.864, 98970.8,  0.00,312.22
2012-06-29 07:00:00,0.00000000,285.81,0.00774, 2.538, 1.342, 98896.2,  0.00,311.81
2012-06-29 08:00:00,0.00000000,285.57,0.00757, 1.667, 1.821, 98815.8,  0.00,311.44
2012-06-29 09:00:00,0.00000000,285.31,0.00741, 0.793, 2.294, 98738.7,  0.00,333.28
2012-06-29 10:00:00,0.00000000,287.35,0.00870, 1.287, 2.140, 98810.7,101.08,335.35
2012-06-29 11:00:00,0.00000000,289.39,0.01007, 1.772, 1.984, 98884.5,212.08,337.41
2012-06-29 12:00:00,0.00000000,291.43,0.01149, 2.258, 1.830, 98959.6,255.42,381.59
2012-06-29 13:00:00,0.00000000,292.94,0.01239, 2.583, 2.492, 98856.5,358.72,383.49
2012-06-29 14:00:00,0.00000000,294.45,0.01333, 2.904, 3.146, 98760.5,448.55,385.39
2012-06-29 15:00:00,0.00000000,295.96,0.01429, 3.228, 3.801, 98660.7,787.42,384.55
2012-06-29 16:00:00,0.00000000,297.13,0.01510, 3.316, 4.375, 98619.3,834.05,386.02
2012-06-29 17:00:00,0.00000000,298.29,0.01595, 3.406, 4.949, 98576.3,825.16,387.56
2012-06-29 18:00:00,0.00000000,299.46,0.01680, 3.490, 5.530, 98533.7,833.65,387.66
2012-06-29 19:00:00,0.00000000,300.04,0.01754, 2.875, 5.652, 98496.3,759.29,388.60
2012-06-29 20:00:00,0.00000000,300.63,0.01829, 2.263, 5.779, 98458.3,640.39,389.51
2012-06-29 21:00:00,0.00000000,301.22,0.01906, 1.655, 5.906, 98417.7,459.76,393.14
2012-06-29 22:00:00,0.00000007,299.50,0.01804, 1.514, 5.213, 98420.2,319.55,389.17
2012-06-29 23:00:00,0.00000004,297.78,0.01706, 1.378, 4.514, 98420.9,183.15,385.23
2012-06-30 00:00:00,0.00009797,296.06,0.01611, 1.237, 3.827, 98419.0, 18.04,393.56
2012-06-30 01:00:00,0.00001382,294.88,0.01504, 1.470, 2.924, 98470.4,  0.00,390.85
2012-06-30 02:00:00,0.00000000,293.69,0.01402, 1.698, 2.028, 98523.2,  0.00,388.09
2012-06-30 03:00:00,0.00000000,292.51,0.01304, 1.930, 1.131, 98572.7,  0.00,395.09
2012-06-30 04:00:00,0.00000000,291.93,0.01256, 1.961, 0.116, 98575.6,  0.00,393.76
2012-06-30 05:00:00,0.00000000,291.34,0.01209, 1.989,-0.887, 98576.5,  0.00,392.46
2012-06-30 06:00:00,0.00000000,290.76,0.01163, 2.021,-1.896, 98584.3,  0.00,353.91
2012-06-30 07:00:00,0.00000000,289.52,0.01060, 2.140,-1.675, 98581.4,  0.00,351.24
2012-06-30 08:00:00,0.00000000,288.29,0.00962, 2.249,-1.458, 98577.6,  0.00,348.54
2012-06-30 09:00:00,0.00000000,287.05,0.00869, 2.359,-1.240, 98579.1,  0.00,317.97
2012-06-30 10:00:00,0.00000000,289.67,0.01023, 1.978,-0.752, 98627.5,119.27,323.72
2012-06-30 11:00:00,0.00000000,292.30,0.01197, 1.594,-0.263, 98683.8,251.42,329.58
2012-06-30 12:00:00,0.00000000,294.92,0.01388, 1.215, 0.220, 98738.9,421.75,349.70
2012-06-30 13:00:00,0.00000000,297.03,0.01454, 1.672, 1.196, 98680.7,592.76,354.44
2012-06-30 14:00:00,0.00000000,299.14,0.01520, 2.144, 2.167, 98623.6,741.61,359.20
2012-06-30 15:00:00,0.00000000,301.25,0.01587, 2.612, 3.141, 98565.1,850.74,373.64
2012-06-30 16:00:00,0.00000000,301.63,0.01581, 2.999, 2.614, 98573.8,901.37,374.58
2012-06-30 17:00:00,0.00000000,302.02,0.01575, 3.384, 2.091, 98581.9,891.89,375.47
2012-06-30 18:00:00,0.00000000,302.40,0.01568, 3.767, 1.562, 98590.0,816.43,386.70
2012-06-30 19:00:00,0.00000000,302.44,0.01579, 3.999, 1.221, 98591.0,743.73,386.85
2012-06-30 20:00:00,0.00000000,302.49,0.01592, 4.232, 0.879, 98593.6,627.28,387.05
2012-06-30 21:00:00,0.00000000,302.53,0.01604, 4.464, 0.537, 98592.3,471.90,384.43
2012-06-30 22:00:00,0.00000000,300.60,0.01534, 4.052, 0.570, 98603.4,328.11,381.27
2012-06-30 23:00:00,0.00000000,298.65,0.01465, 3.656, 0.603, 98614.4,187.89,378.04
